,product_price
Lenovo LP40 Wireless Earphone Bluetooth 5.0 Waterproof Earphone Touch headset - Black,GH₵ 59.52
Fingerprint Touch Noise-cancelling Stereo Bluetooth Headset - Black,GH₵ 28.00
Lenovo XT90 In-ear Earphones 5.0 Headphones True Wireless Earbuds with Touch Control,GH₵ 55.00
Samsung Galaxy A03 Core - 32GB HDD - 2GB RAM Smartphone - Black,GH₵ 554.00
Lenovo LP40 Wireless Earphone Bluetooth 5.0 Waterproof Earphone Touch headset white,GH₵ 62.00
F9 Bluetooth Earphone - Black,GH₵ 54.87
P47 Wireless Headset - White,GH₵ 29.47
TWS Wireless Bluetooth Earphones - White,GH₵ 38.80
Universal Adjustable Desktop Tablet Stands Phone Holder bracket for ipad phone tablet stand mount,GH₵ 18.00
Wireless Headphone Bluetooth 5.0 In-ear Stereo,GH₵ 45.00
"Wireless Bluetooth Earphone For iPhone, Samsung Pods - Black",GH₵ 34.00
C3 Bluetooth 5.0 Wireless Headsets 10D Stereo Headphones With LED sports Earphone PRO3,GH₵ 32.00
P47 Wireless Foldable Bluetooth Headset - Black,GH₵ 33.00
Wireless Bluetooth Earphone For iPhone Samsung Pods - White,GH₵ 33.00
Lenovo TC02 Wireless Bluetooth Headset Similar To Xiaomi Aird Ots,GH₵ 87.00
Smart Bluetooth watches for ios and Android bands,GH₵ 30.00
Tripod Mobile phone Camera Foldable Stand Holder Table Smartphone Tripod,GH₵ 29.00
Wireless Bluetooth 5.0 Waterproof Headphones - Black,GH₵ 43.00
Lenovo XT90 BT5.0 True Wireless Headsets In-ear Sweatproof white,GH₵ 51.15
Wireless Bluetooth Earphones - White,GH₵ 45.00
TWS Air Pro 6 Bluetooth Earphone Earbuds HiFi Stereo Touch Sensor Control Mic For Android & IOS,GH₵ 58.00
Samsung Galaxy A03 Core - 32GB HDD - 2GB RAM Smartphone - Blue,GH₵ 554.00
Smart Watch With Camera & SIM Card Slot - Black,GH₵ 65.00
Optical Wireless Rechargeable Mouse Slim -Black,GH₵ 24.00
F9-32 Stereo V5.1 Bluetooth Earphone Power Banks,GH₵ 51.00
ARHANORY Tripod Stand with LED Ring Light for Phones Laptop Plastic-Black,GH₵ 35.00
Heart Rate Sport Bracelet Smart Watch - Black,GH₵ 32.00
V9 Earhook Wireless Bluetooth Earphone CSR Noise Cancelling Earpiece Headset Portable,GH₵ 34.00
3 in 1 Wireless Bluetooth Selfie Stick Foldable Mini Tripod,GH₵ 35.00
Color screen smart watch heart rate sport bracelet,GH₵ 33.00
Bluetooth Wireless  Headphone Stereo In-ear Headphone LED digital display,GH₵ 37.00
Wireless Bluetooth Headset 2000mAh - Black,GH₵ 75.00
T7S Wireless  Bluetooth Earpiece  - White,GH₵ 28.00
TCL L7 Smartphone  - 32GB HDD - 2GB RAM - Black,GH₵ 383.04
LED Bluetooth headset noise reduction stereo headset,GH₵ 38.00
TSDATECH 64GB Memory Card TF Flash Card High Speed,GH₵ 39.06
Bluetooth 5.0 Earphones 2200mAh Wireless Headphone,GH₵ 43.00
Pro 6 Bluetooth Earphone - White,GH₵ 49.00
"GT20 1.69 inch TFT Screen IP67 Waterproof Smart Watch, Style:Steel Strap(Black)",GH₵ 121.00
2Pcs Portable Speaker High-Volume Subwoofer USB-Black,GH₵ 35.00
,
,
,
,
,
,
,
,
